Scan	ProteinIndex	TagIndex	ProteinAccession	ProteinDescription	MatchedAminoAcidCount	Coverage(%)	TagSequence	Nmass	Cmass	Score	Charge	Length	mzs
0	1	1	AQPZ		31	12.9167	AAGF	2719.31	-1	0.57544	1	4	2719.308765,2790.347619,2861.384637,2918.406703,3065.474266,
0	1	2	AQPZ		31	12.9167	LISI	-1	6864.61	0.489779	1	4	7290.906600,7177.820030,7064.739644,6977.704321,6864.614415,
0	1	3	AQPZ		31	12.9167	TLIH	-1	7290.91	0.489779	1	4	7755.178085,7654.126560,7541.047173,7427.960066,7290.906600,
0	1	4	AQPZ		31	12.9167	QLWF	-1	3723.01	0.47863	1	4	4297.307856,4169.252475,4056.164538,3870.085449,3723.011908,
0	1	5	AQPZ		31	12.9167	IHLI	-1	7064.74	0.467735	1	4	7541.047173,7427.960066,7290.906600,7177.820030,7064.739644,
0	1	6	AQPZ		31	12.9167	LTLI	-1	7427.96	0.457088	1	4	7868.262983,7755.178085,7654.126560,7541.047173,7427.960066,
0	1	7	AQPZ		31	12.9167	HLIS	-1	6977.7	0.457088	1	4	7427.960066,7290.906600,7177.820030,7064.739644,6977.704321,
0	1	8	AQPZ		31	12.9167	LIHL	-1	7177.82	0.446684	1	4	7654.126560,7541.047173,7427.960066,7290.906600,7177.820030,
0	1	9	AQPZ		31	12.9167	WFFW	-1	3389.87	0.436516	1	4	4056.164538,3870.085449,3723.011908,3575.945935,3389.868063,
0	1	10	AQPZ		31	12.9167	WLVF	1501.72	-1	0.42658	1	4	1501.722200,1687.799064,1800.882271,1899.950270,2047.020865,
0	1	11	AQPZ		31	12.9167	LVFG	1687.8	-1	0.416869	1	4	1687.799064,1800.882271,1899.950270,2047.020865,2104.042733,
0	1	12	AQPZ		31	12.9167	GTFW	1241.61	-1	0.416869	1	4	1241.606897,1298.628552,1399.675308,1546.742822,1732.819736,
0	1	13	AQPZ		31	12.9167	LAAG	2606.23	-1	0.398107	1	4	2606.225768,2719.308765,2790.347619,2861.384637,2918.406703,
0	1	14	AQPZ		31	12.9167	LVFG	1715.79	-1	0.398107	1	4	1715.793466,1828.877650,1927.945177,2075.015451,2132.036523,
0	1	15	AQPZ		31	12.9167	FFWV	-1	3290.8	0.346737	1	4	3870.085449,3723.011908,3575.945935,3389.868063,3290.800641,
0	1	16	AQPZ		31	12.9167	LWFF	-1	3575.95	0.331131	1	4	4169.252475,4056.164538,3870.085449,3723.011908,3575.945935,
0	1	17	AQPZ		31	12.9167	FWVV	-1	3191.73	0.316228	1	4	3723.011908,3575.945935,3389.868063,3290.800641,3191.734529,
0	1	18	AQPZ		31	12.9167	TFWL	1298.63	-1	0.288403	1	4	1298.628552,1399.675308,1546.742822,1732.819736,1845.902120,
0	1	19	AQPZ		31	12.9167	LAAGF	2606.23	-1	0.489779	1	5	2606.225768,2719.308765,2790.347619,2861.384637,2918.406703,3065.474266,
0	1	20	AQPZ		31	12.9167	TLIHL	-1	7177.82	0.42658	1	5	7755.178085,7654.126560,7541.047173,7427.960066,7290.906600,7177.820030,
0	1	21	AQPZ		31	12.9167	HLISI	-1	6864.61	0.40738	1	5	7427.960066,7290.906600,7177.820030,7064.739644,6977.704321,6864.614415,
0	1	22	AQPZ		31	12.9167	IHLIS	-1	6977.7	0.398107	1	5	7541.047173,7427.960066,7290.906600,7177.820030,7064.739644,6977.704321,
0	1	23	AQPZ		31	12.9167	LIHLI	-1	7064.74	0.389045	1	5	7654.126560,7541.047173,7427.960066,7290.906600,7177.820030,7064.739644,
0	1	24	AQPZ		31	12.9167	LTLIH	-1	7290.91	0.389045	1	5	7868.262983,7755.178085,7654.126560,7541.047173,7427.960066,7290.906600,
0	1	25	AQPZ		31	12.9167	QLWFF	-1	3575.95	0.380189	1	5	4297.307856,4169.252475,4056.164538,3870.085449,3723.011908,3575.945935,
0	1	26	AQPZ		31	12.9167	WLVFG	1501.72	-1	0.371535	1	5	1501.722200,1687.799064,1800.882271,1899.950270,2047.020865,2104.042733,
0	1	27	AQPZ		31	12.9167	ALTLI	-1	7427.96	0.354813	1	5	7939.292755,7868.262983,7755.178085,7654.126560,7541.047173,7427.960066,
0	1	28	AQPZ		31	12.9167	WFFWV	-1	3290.8	0.316228	1	5	4056.164538,3870.085449,3723.011908,3575.945935,3389.868063,3290.800641,
0	1	29	AQPZ		31	12.9167	FFWVV	-1	3191.73	0.30903	1	5	3870.085449,3723.011908,3575.945935,3389.868063,3290.800641,3191.734529,
0	1	30	AQPZ		31	12.9167	LWFFW	-1	3389.87	0.263027	1	5	4169.252475,4056.164538,3870.085449,3723.011908,3575.945935,3389.868063,
0	1	31	AQPZ		31	12.9167	GTFWL	1241.61	-1	0.245471	1	5	1241.606897,1298.628552,1399.675308,1546.742822,1732.819736,1845.902120,
0	1	32	AQPZ		31	12.9167	TLIHLI	-1	7064.74	0.371535	1	6	7755.178085,7654.126560,7541.047173,7427.960066,7290.906600,7177.820030,7064.739644,
0	1	33	AQPZ		31	12.9167	IHLISI	-1	6864.61	0.354813	1	6	7541.047173,7427.960066,7290.906600,7177.820030,7064.739644,6977.704321,6864.614415,
0	1	34	AQPZ		31	12.9167	LTLIHL	-1	7177.82	0.338844	1	6	7868.262983,7755.178085,7654.126560,7541.047173,7427.960066,7290.906600,7177.820030,
0	1	35	AQPZ		31	12.9167	LIHLIS	-1	6977.7	0.331131	1	6	7654.126560,7541.047173,7427.960066,7290.906600,7177.820030,7064.739644,6977.704321,
0	1	36	AQPZ		31	12.9167	QLWFFW	-1	3389.87	0.301995	1	6	4297.307856,4169.252475,4056.164538,3870.085449,3723.011908,3575.945935,3389.868063,
0	1	37	AQPZ		31	12.9167	WFFWVV	-1	3191.73	0.281838	1	6	4056.164538,3870.085449,3723.011908,3575.945935,3389.868063,3290.800641,3191.734529,
0	1	38	AQPZ		31	12.9167	LWFFWV	-1	3290.8	0.190546	1	6	4169.252475,4056.164538,3870.085449,3723.011908,3575.945935,3389.868063,3290.800641,
0	1	39	AQPZ		31	12.9167	TLIHLIS	-1	6977.7	0.316228	1	7	7755.178085,7654.126560,7541.047173,7427.960066,7290.906600,7177.820030,7064.739644,6977.704321,
0	1	40	AQPZ		31	12.9167	LTLIHLI	-1	7064.74	0.295121	1	7	7868.262983,7755.178085,7654.126560,7541.047173,7427.960066,7290.906600,7177.820030,7064.739644,
0	1	41	AQPZ		31	12.9167	LIHLISI	-1	6864.61	0.295121	1	7	7654.126560,7541.047173,7427.960066,7290.906600,7177.820030,7064.739644,6977.704321,6864.614415,
0	1	42	AQPZ		31	12.9167	ALTLIHL	-1	7177.82	0.263027	1	7	7939.292755,7868.262983,7755.178085,7654.126560,7541.047173,7427.960066,7290.906600,7177.820030,
0	1	43	AQPZ		31	12.9167	QLWFFWV	-1	3290.8	0.218776	1	7	4297.307856,4169.252475,4056.164538,3870.085449,3723.011908,3575.945935,3389.868063,3290.800641,
0	1	44	AQPZ		31	12.9167	TLIHLISI	-1	6864.61	0.281838	1	8	7755.178085,7654.126560,7541.047173,7427.960066,7290.906600,7177.820030,7064.739644,6977.704321,6864.614415,
0	1	45	AQPZ		31	12.9167	LTLIHLIS	-1	6977.7	0.251189	1	8	7868.262983,7755.178085,7654.126560,7541.047173,7427.960066,7290.906600,7177.820030,7064.739644,6977.704321,
0	1	46	AQPZ		31	12.9167	ALTLIHLI	-1	7064.74	0.229087	1	8	7939.292755,7868.262983,7755.178085,7654.126560,7541.047173,7427.960066,7290.906600,7177.820030,7064.739644,
0	1	47	AQPZ		31	12.9167	QLWFFWVV	-1	3191.73	0.194984	1	8	4297.307856,4169.252475,4056.164538,3870.085449,3723.011908,3575.945935,3389.868063,3290.800641,3191.734529,
0	1	48	AQPZ		31	12.9167	LTLIHLISI	-1	6864.61	0.223872	1	9	7868.262983,7755.178085,7654.126560,7541.047173,7427.960066,7290.906600,7177.820030,7064.739644,6977.704321,6864.614415,
0	1	49	AQPZ		31	12.9167	ALTLIHLIS	-1	6977.7	0.194984	1	9	7939.292755,7868.262983,7755.178085,7654.126560,7541.047173,7427.960066,7290.906600,7177.820030,7064.739644,6977.704321,
0	1	50	AQPZ		31	12.9167	ALTLIHLISI	-1	6864.61	0.17378	1	10	7939.292755,7868.262983,7755.178085,7654.126560,7541.047173,7427.960066,7290.906600,7177.820030,7064.739644,6977.704321,6864.614415,
0	2	1	sp|P60844|AQPZ_ECOLI	Aquaporin Z OS=Escherichia coli (strain K12) O=83333 GN=aqpZ PE=1 SV=1	13	5.62771	AAGF	2719.31	-1	0.57544	1	4	2719.308765,2790.347619,2861.384637,2918.406703,3065.474266,
0	2	2	sp|P60844|AQPZ_ECOLI	Aquaporin Z OS=Escherichia coli (strain K12) O=83333 GN=aqpZ PE=1 SV=1	13	5.62771	WLVF	1501.72	-1	0.42658	1	4	1501.722200,1687.799064,1800.882271,1899.950270,2047.020865,
0	2	3	sp|P60844|AQPZ_ECOLI	Aquaporin Z OS=Escherichia coli (strain K12) O=83333 GN=aqpZ PE=1 SV=1	13	5.62771	LVFG	1687.8	-1	0.416869	1	4	1687.799064,1800.882271,1899.950270,2047.020865,2104.042733,
0	2	4	sp|P60844|AQPZ_ECOLI	Aquaporin Z OS=Escherichia coli (strain K12) O=83333 GN=aqpZ PE=1 SV=1	13	5.62771	GTFW	1241.61	-1	0.416869	1	4	1241.606897,1298.628552,1399.675308,1546.742822,1732.819736,
0	2	5	sp|P60844|AQPZ_ECOLI	Aquaporin Z OS=Escherichia coli (strain K12) O=83333 GN=aqpZ PE=1 SV=1	13	5.62771	LAAG	2606.23	-1	0.398107	1	4	2606.225768,2719.308765,2790.347619,2861.384637,2918.406703,
0	2	6	sp|P60844|AQPZ_ECOLI	Aquaporin Z OS=Escherichia coli (strain K12) O=83333 GN=aqpZ PE=1 SV=1	13	5.62771	LVFG	1715.79	-1	0.398107	1	4	1715.793466,1828.877650,1927.945177,2075.015451,2132.036523,
0	2	7	sp|P60844|AQPZ_ECOLI	Aquaporin Z OS=Escherichia coli (strain K12) O=83333 GN=aqpZ PE=1 SV=1	13	5.62771	TFWL	1298.63	-1	0.288403	1	4	1298.628552,1399.675308,1546.742822,1732.819736,1845.902120,
0	2	8	sp|P60844|AQPZ_ECOLI	Aquaporin Z OS=Escherichia coli (strain K12) O=83333 GN=aqpZ PE=1 SV=1	13	5.62771	LAAGF	2606.23	-1	0.489779	1	5	2606.225768,2719.308765,2790.347619,2861.384637,2918.406703,3065.474266,
0	2	9	sp|P60844|AQPZ_ECOLI	Aquaporin Z OS=Escherichia coli (strain K12) O=83333 GN=aqpZ PE=1 SV=1	13	5.62771	WLVFG	1501.72	-1	0.371535	1	5	1501.722200,1687.799064,1800.882271,1899.950270,2047.020865,2104.042733,
0	2	10	sp|P60844|AQPZ_ECOLI	Aquaporin Z OS=Escherichia coli (strain K12) O=83333 GN=aqpZ PE=1 SV=1	13	5.62771	GTFWL	1241.61	-1	0.245471	1	5	1241.606897,1298.628552,1399.675308,1546.742822,1732.819736,1845.902120,
